feature,mean,std
Q7,3.7918032786885245,3.721775713951679
Q8,3.9508196721311477,4.066010815815628
Q9,8.196721311476444e+20,2.8629916715693407e+22
