feature,mean,std
Q7,3.6920289855072466,4.610735702253678
Q8,3.7934782608695654,4.825156499862506
Q9,1.811594202898776e+21,4.256282653793742e+22
